x,Pv
0.001,2.417291667107323e-05
0.001006935148416371,2.4260552810048953e-05
0.0010139183931162992,2.434940869641483e-05
0.001020950067654649,2.4439501307028303e-05
0.001028030507899538,2.4530847854806166e-05
0.0010351600520483787,2.462346579241746e-05
0.0010423390406440324,2.471737281530687e-05
0.0010495678165910766,2.4812586865384447e-05
0.0010568467251721822,2.490912613402719e-05
0.001064176114064607,2.500700906695812e-05
0.001071556333356802,2.5106254367939885e-05
0.0010789877355651338,2.5206880996008844e-05
0.001086470675650722,2.5308908176195053e-05
0.0010940055110363947,2.5412355401614937e-05
0.00110159260162376,2.551724243684121e-05
0.0011092323098103969,2.5623589321433492e-05
0.001116925000507166,2.5731416373910168e-05
0.0011246710411556384,2.584074419546787e-05
0.0011324708017456473,2.5951593674288592e-05
0.00114032465483296,2.6063985988933757e-05
0.0011482329755570736,2.617794261283203e-05
0.0011561961416591334,2.6293485318454522e-05
0.0011642145334999749,2.641063618131048e-05
0.0011722885340782934,2.652941758391345e-05
0.0011804185290489363,2.664985222038368e-05
0.0011886049067413237,2.6771963100746183e-05
0.0011968480581780018,2.68957735553505e-05
0.0012051483770933117,2.7021307239163585e-05
0.0012135062599522024,2.7148588136261926e-05
0.0012219221059691662,2.727764056488467e-05
0.001230396317127307,2.7408489181320047e-05
0.0012389292981975413,2.7541158985110432e-05
0.0012475214567579315,2.767567532403271e-05
0.001256173203213155,2.7812063898522667e-05
0.0012648849508141065,2.795035076650353e-05
0.0012736571156776364,2.8090562348725654e-05
0.0012824901168064279,2.823272543359089e-05
0.0012913843761090094,2.8376867182608447e-05
0.0013003403184199082,2.8523015136963695e-05
0.0013093583715199414,2.8671197221904593e-05
0.00131843896615665,2.8821441745181034e-05
0.0013275825360648732,2.897377741110269e-05
0.0013367895179874653,2.9128233324331443e-05
0.0013460603516961573,2.928483899503365e-05
0.0013553954800125628,2.9443624343797164e-05
0.0013647953488293283,2.9604619707464265e-05
0.0013742604071314325,2.9767855845335117e-05
0.0013837911070176314,2.993336394466002e-05
0.0013933879037220532,3.0101175627061334e-05
0.0014030512556359417,3.0271322954000035e-05
0.0014127816243295526,3.0443838432981273e-05
0.0014225794745741998,3.061875502447011e-05
0.0014324452743644548,3.079610614716742e-05
0.0014423794949405017,3.0975925684927054e-05
0.0014523826108106444,3.115824799373007e-05
0.0014624550997739726,3.1343107907277916e-05
0.0014725974429431836,3.1530540743951655e-05
0.0014828101247675632,3.172058231395736e-05
0.0014930936330561238,3.191326892572055e-05
0.0015034484590009066,3.210863739332386e-05
0.0015138750972004422,3.230672504292591e-05
0.0015243740456833753,3.250756972001256e-05
0.0015349458059322535,3.271120979731123e-05
0.0015455908829074799,3.291768418112487e-05
0.001556309785071433,3.312703231926057e-05
0.001567103024412754,3.333929420915975e-05
0.0015779711164708003,3.355451040441256e-05
0.001588914580360272,3.3772722026013645e-05
0.0015999339387960064,3.3993970768162374e-05
0.0016110297181179457,3.421829889582874e-05
0.001622202448316278,3.44457492670804e-05
0.0016334526630567517,3.46763653372192e-05
0.0016447808997061652,3.491019116625657e-05
0.0016561876993580413,3.514727142783135e-05
0.0016676736068584558,3.5387651416889084e-05
0.0016792391708320838,3.563137705882792e-05
0.001690884943708388,3.5878494918800134e-05
0.001702611481748013,3.612905220943468e-05
0.0017144193450693529,3.638309680039618e-05
0.0017263090976753063,3.6640677227861804e-05
0.0017382813074802161,3.690184270344313e-05
0.0017503365463369949,3.716664312376689e-05
0.00176247539006444,3.7435129079662964e-05
0.0017746984184747385,3.770735186608075e-05
0.0017870062154011596,3.798336349210633e-05
0.0017993993687259442,3.82632166903195e-05
0.0018118784704083829,3.8546964927274395e-05
0.0018244441165130923,3.8834662414178964e-05
0.0018370969072384854,3.912636411612208e-05
0.0018498374469454405,3.942212576313789e-05
0.001862666344186168,3.9722003861144176e-05
0.0018755842117332783,4.002605570249503e-05
0.0018885916666090507,4.03343393768459e-05
0.001901689330114906,4.0646913782155686e-05
0.0019148778278610821,4.09638386362184e-05
0.0019281577897965168,4.128517448813337e-05
0.0019415298502389376,4.1610982733715764e-05
0.001954994647905159,4.194132562509795e-05
0.0019685528259415926,4.227626626585712e-05
0.0019822050319549638,4.261586864518018e-05
0.001995951918043249,4.2960197644074415e-05
0.0020097941408268195,4.330931904675621e-05
0.002023732361479806,4.3663299553070166e-05
0.0020377672457616816,4.4022206790927934e-05
0.0020518994640490586,4.438610932936062e-05
0.002066129691367711,4.475507669191188e-05
0.002080458607424817,4.512917936959741e-05
0.0020948868966414245,4.5508488834278034e-05
0.0021094152481851433,4.589307755266629e-05
0.0021240443560030637,4.628301900034995e-05
0.0021387749188549,4.6678387674942905e-05
0.0021536076403463706,4.707925911088477e-05
0.0021685432289628034,4.748570989403074e-05
0.0021835823981029767,4.789781767624464e-05
0.0021987258661131963,4.831566118973916e-05
0.002213974356321605,4.8739320262442246e-05
0.002229328597072735,4.9168875833542566e-05
0.0022447893217622944,4.960440996844075e-05
0.0022603572688722007,5.0046005874471016e-05
0.0022760331820058503,5.049374791722178e-05
0.0022918178099236484,5.094772163660542e-05
0.0023077119065787488,5.140801376247431e-05
0.0023237162311531014,5.1874712231797294e-05
0.002339831548093676,5.2347906205476746e-05
0.0023560586271490153,5.282768608573612e-05
0.0023723982434059624,5.331414353831825e-05
0.0023888511773267206,5.380737150971433e-05
0.002405418214786104,5.430746421285224e-05
0.002422100147109088,5.481451718699371e-05
0.0024388977711086034,5.532862730164195e-05
0.002455811889123598,5.5849892774789216e-05
0.002472843309057359,5.63784131913596e-05
0.0024899928444161016,5.6914289521672184e-05
0.002507261314347829,5.745762414144464e-05
0.0025246495436814565,5.800852085114511e-05
0.002542158362966211,5.85670848959895e-05
0.0025597886085113003,5.913342298545072e-05
0.002577541122425862,5.970764331405422e-05
0.0025954167526591847,6.028985558240327e-05
0.002613416353041212,6.088017101742373e-05
0.0026315407833233237,6.147870239369138e-05
0.002649790909219404,6.20855640557141e-05
0.0026681676024471915,6.270087193918996e-05
0.0026866717407699157,6.332474359274358e-05
0.002705304208038225,6.39572982011866e-05
0.002724065894232403,6.459865660786986e-05
0.0027429576955048792,6.524894133804215e-05
0.0027619805142230325,6.590827662166913e-05
0.002781135259012294,6.657678841754053e-05
0.0028004228447995466,6.725460443771623e-05
0.0028198441928568275,6.794185417119488e-05
0.0028394002308453313,6.863866890868006e-05
0.0028590918928597217,6.934518176852159e-05
0.0028789201194727473,7.00615277217759e-05
0.002898885857780167,7.078784362743427e-05
0.0029189900614459917,7.15242682525044e-05
0.0029392336907480316,7.227094225876141e-05
0.002959617712623767,7.302800828678672e-05
0.0029801431007165334,7.379561096317966e-05
0.0030008108354220267,7.457389692715209e-05
0.003021621903935133,7.536301485893528e-05
0.0030425773002970805,7.616311550743665e-05
0.003063678025442922,7.697435171908292e-05
0.0030849250872493432,7.779687846781398e-05
0.0031063195005828037,7.863085288394286e-05
0.003127862287348013,7.947643428398637e-05
0.003149554476536741,8.033378420182002e-05
0.003171397104276969,8.120306641896488e-05
0.0031933912138823756,8.208444699625489e-05
0.0032155378559021886,8.297809430503022e-05
0.0032378380881713264,8.388417905956073e-05
0.003260292975860977,8.480287435005111e-05
0.003282903591529421,8.573435567504297e-05
0.0033056710151733184,8.667880097493434e-05
0.003328596334279238,8.763639066668791e-05
0.0033516806438756565,8.860730767760601e-05
0.0033749250465852083,8.959173748018475e-05
0.003398330652677405,9.05898681281182e-05
0.0034218985801216257,9.160189029167375e-05
0.003445629954640538,9.262799729447219e-05
0.003469525909763864,9.366838515000614e-05
0.003493587586882521,9.472325259922244e-05
0.003517816135303143,9.57928011493392e-05
0.0035422127123029747,9.687723512912343e-05
0.003566778483185152,9.797676170652122e-05
0.00359151462133436,9.909159088824882e-05
0.00361642230827288,0.00010022193562995868
0.0036415027337170273,0.00010136801185313375
0.0036667570956339757,0.00010253003848399995
0.003692186600298979,0.00010370823749479808
0.0037177924623529885,0.00010490283394652472
0.003743575904860672,0.00010611405603162469
0.0037695381593688313,0.00010734213511762612
0.0037956804659652283,0.00010858730579163944
0.003822004073337817,0.00010984980590466192
0.0038485102388343896,0.00011112987661705638
0.0038752002285226293,0.00011242776244496258
0.0039020753172505887,0.00011374371130653787
0.00392913678870758,0.00011507797456944538
0.00395638593548549,0.00011643080709901588
0.0039838240591405245,0.000117802467306526
0.004011452470255374,0.00011919321719882797
0.004039272488501813,0.00012060332242818098
0.004067285442703737,0.00012203305234300179
0.004095492670900633,0.00012348268003950624
0.004123895520411489,0.0001249524824134235
0.0041524953478991496,0.00012644274021304916
0.004181293519435121,0.00012795373809293227
0.004210291410564814,0.00012948576466792803
0.004239490406373252,0.0001310391125686015
0.004268891901551232,0.0001326140784969393
0.004298497300461934,0.00013421096328337774
0.004328308017208008,0.00013583007197384982
0.0043583254756991135,0.0001374717138429459
0.004388551109719938,0.0001391362024124441
0.004418986362998671,0.00014082385560214338
0.004449632689275991,0.0001425349957593699
0.004480491552374451,0.0001442699497162438
0.004511564426268469,0.0001460290488518917
0.004542852795154656,0.00014781262915561618
0.0045743581535227845,0.00014962103129138776
0.004606082006227097,0.0001514546006624191
0.004638025868558262,0.00015331368747718873
0.004670191266315678,0.00015519864681631814
0.004702579735880421,0.00015710983870029322
0.004735192824288565,0.00015904762815827295
0.004768032089305142,0.0001610123852976289
0.004801099099498492,0.0001630044853744168
0.00483439543431522,0.00016502430886529526
0.004867922684155622,0.00016707224153974335
0.00490168245044966,0.00016914867453384836
0.00493567634573345,0.00017125400442524446
0.004969905993726283,0.0001733886333081404
0.005004373029408187,0.00017555296887040642
0.005039079099098016,0.00017774742447124894
0.005074025860532095,0.0001799724192200604
0.005109214982943389,0.00018222837805659318
0.005144648147141248,0.00018451573183169535
0.005180327045591681,0.0001868349173895205
0.0052162533824982,0.00018918637765119681
0.005252428873883223,0.0001915705617005858
0.005288855247670035,0.00019398792491153133
0.005325534243765329,0.00019643892896986163
0.005362467614142308,0.00019892404189941358
0.005399657122924368,0.0002014437382902403
0.005437104546469363,0.00020399849933947227
0.005474811673454454,0.00020658881293747733
0.0055127803049615405,0.00020921517376128299
0.005551012254563296,0.0002118780833683917
0.005589509348409787,0.0002145780502925516
0.005628273425315702,0.00021731559014113948
0.0056673063368481835,0.0002200912256926657
0.005706609947415266,0.00022290548699729155
0.0057461861343549294,0.00022575891147778575
0.005786036788024774,0.0002286520440312372
0.005826163811892308,0.00023158543713378934
0.0058665691226258716,0.0002345596509455401
0.005907254650186182,0.00023757525341739022
0.00594822233791852,0.00024063282039973692
0.005989474142645558,0.0002437329357516085
0.006031012034760822,0.000246876191452217
0.006072837998322808,0.0002500631877141816
0.006114954031149754,0.00025329453309703065
0.006157362144915064,0.0002565708446242969
0.006200064365243388,0.00025989274790073316
0.00624306273180741,0.0002632608772308603
0.006286359298425203,0.0002666758757408991
0.006329956133158422,0.00027013839550067074
0.006373855318410987,0.00027364909764806704
0.00641805895102865,0.0002772086525193272
0.006462569142399045,0.0002808177398319659
0.006507388018552648,0.0002844770487333436
0.006552517720264219,0.000288187277809787
0.006597960403155159,0.0002919491354619513
0.006643718237796373,0.000295763339944731
0.006689793409812041,0.00029963061950063986
0.006736188119983949,0.0003035517124979889
0.006782904584356633,0.0003075273675727575
0.006829945034343229,0.0003115583437702755
0.006877311716832055,0.00031564541069017125
0.006925006894293933,0.0003197893486333907
0.006973032844890254,0.00032399094874997834
0.007021391862581798,0.0003282510131903724
0.007070086257238302,0.00033257035525817473
0.007119118354748794,0.00033694979956439664
0.007168490497132689,0.00034139018218578936
0.007218205042651649,0.0003458923508231019
0.007268264365922236,0.00035045716496228
0.0073186708580293275,0.00035508549603920753
0.00736942692664033,0.00035977822760464644
0.0074205349961201815,0.00036453625549293106
0.00747199750764715,0.00036936048799285294
0.007523816919329437,0.0003742518460198082
0.00757599570632259,0.0003792112632917588
0.0076285363609477266,0.00038423968650676656
0.0076814413928105825,0.0003893380755228228
0.0077347133289213795,0.0003945074035417588
0.007788354713815532,0.00039974865729329776
0.007842368109675186,0.00040506283722896935
0.007896756096451598,0.0004104509578011672
0.007951521271988372,0.0004159140475189015
0.008006666252145543,0.0004214531489771056
0.008062193670924521,0.00042706931941410213
0.00811810618059391,0.00043276363076585585
0.008174406451816187,0.0004385371698674068
0.008231097173775273,0.00044439103865931716
0.008288181054304978,0.0004503263543972443
0.008345660820018336,0.00045634424986543175
0.008403539216437855,0.0004624458735909511
0.008461819008126646,0.000468632390062623
0.008520502978820474,0.0004749049799530363
0.008579593931560717,0.00048126484034218626
0.008639094688828295,0.00048771318494588404
0.008699008092678392,0.0004942512443464357
0.00875933700487634,0.0005008802662263034
0.008820084307034157,0.0005076015156057724
0.008881252900748354,0.0005144162750830089
0.00894284570773836,0.0005213258450781319
0.009004865669986241,0.0005283315440810957
0.009067315749877071,0.0005354347089010857
0.009130198930340576,0.0005426366949213647
0.00919351821499347,0.0005499388763570839
0.00925727662828307,0.000557342646515644
0.009321477215631606,0.0005648494180623336
0.009386123043581832,0.0005724606232884461
0.009451217199943391,0.0005801777143832466
0.009516762793940358,0.0005880021637103031
0.009582762956359731,0.0005959354640943946
0.00964922083970099,0.0006039791292571472
0.009716139618326656,0.0006121346938277774
0.009783522488613933,0.0006204037134958327
0.009851372669107374,0.0006287877657617963
0.009919693400672615,0.0006372884500450155
0.009988487946651175,0.0006459073879794435
0.010057759593016333,0.0006546462237225076
0.01012751164853008,0.0006635066242667044
0.010197747444901165,0.000672490279756109
0.01026847033694422,0.0006815989038074506
0.010339683702740033,0.0006908342338346939
0.010411390943796868,0.0007001980313796352
0.01048359548521296,0.0007096920824460261
0.010556300775840109,0.0007193181978376755
0.010629510288448413,0.0007290782135030221
0.010703227519892144,0.0007389739908830435
0.010777455991276783,0.0007490074172638749
0.010852199248127196,0.0007591804061357488
0.010927460860556987,0.0007694948975552214
0.011003244423439034,0.0007799528585132632
0.011079553556577191,0.0007905562833083969
0.011156391904879185,0.0008013071939241477
0.011233763138530722,0.0008122076404134028
0.011311670953170792,0.0008232597012864456
0.011390119070068183,0.0008344654839045066
0.011469111236299245,0.0008458271248800661
0.011548651224926841,0.0008573467904811141
0.011628742835180615,0.0008690266770414397
0.011709389892638403,0.0008808690113869395
0.011790596249409004,0.0008928760515163938
0.011872365784316163,0.0009050500864995157
0.011954702403083842,0.0009173934368787683
0.012037610038522774,0.0009299084556611244
0.012121092650718328,0.0009425975285187773
0.012205154227219643,0.0009554630742253784
0.012289798783230109,0.0009685075451139118
0.012375030361799147,0.0009817334275415274
0.012460853034015321,0.0009951432423593435
0.012547270899200803,0.001008739545389322
0.012634288085107174,0.0010225249279086311
0.012721908748112581,0.0010365020171391205
0.012810137073420269,0.0010506734767442693
0.012898977275258496,0.001065042007333187
0.01298843359708181,0.0010796103469706989
0.013078510311773752,0.0010943812716958765
0.013169211721850942,0.0011093575960458358
0.013260542159668591,0.0011245421735880039
0.013352505987627437,0.0011399378974598303
0.013445107598382116,0.0011555477009146241
0.013538351415050973,0.0011713745578757959
0.013632241891427333,0.0011874214834992397
0.013726783512192251,0.001203691534742129
0.0138219807931287,0.001220187810940024
0.013917838281337275,0.0012369134543923983
0.0140143605554534,0.0012538716509553052
0.014111552225866004,0.0012710656306432625
0.014209417934937756,0.0012884986682380009
0.014307962357226794,0.001306174083928606
0.014407190199710011,0.0013240952443136767
0.014507106202007885,0.001342265562210405
0.014607715136610867,0.0013606884973468025
0.014709021809107332,0.0013793675577582127
0.014811031058413129,0.001398306300105523
0.014913747757002705,0.001417508330322947
0.01501717681114184,0.0014369773042978591
0.015121323161121993,0.001456716928559156
0.015226191781496283,0.001476730960975693
0.015331787681317087,0.00149702321146312
0.015438115904375311,0.001517597542701882
0.015545181529441291,0.001538457870864194
0.015652989670507395,0.001559608166350266
0.015761545477032287,0.0015810524545358182
0.015870854134186888,0.001602794816529536
0.015980920863102047,0.0016248393899400825
0.01609175092111794,0.0016471903696538496
0.01620334960203516,0.00166985200862395
0.01631572223636762,0.001692828618669311
0.016428874191597116,0.0017161245712848628
0.016542810872429727,0.001739744298462127
0.016657537721053984,0.001763692293522394
0.01677306021740079,0.0017879731119600046
0.016889383879405195,0.0018125913722968525
0.017006514263269934,0.0018375517569497394
0.01712445696373084,0.0018628590131089437
0.017243217614324072,0.0018885179536282384
0.017362801887655193,0.0019145334579273193
0.017483215495670126,0.00194091047295765
0.017604464189927997,0.001967654014622935
0.017726553761875836,0.0019947691675867123
0.017849490043125225,0.002022261086206661
0.017973278905730836,0.002050134996686391
0.01809792626247091,0.0020783961974915133
0.018223438067129685,0.0021070500603223713
0.018349820314781773,0.002136102031119902
0.018477079042078525,0.0021655576310840403
0.018605220327536358,0.002195422457705902
0.018734250291827105,0.0022257021858138573
0.018864175098070368,0.0022564025686344653
0.018995000952127895,0.0022875294388672992
0.0191267341029,0.002319088709773734
0.019259380842624078,0.002351086376280929
0.019392947507175087,0.0023835285161014057
0.01952744047636824,0.002416421290866251
0.019662866174263705,0.0024497709472739836
0.019799231069473466,0.002483583818256241
0.019936541675470286,0.002517866324157478
0.02007480455089884,0.002552624973931224
0.020214026299888964,0.002587866366352102
0.02035421357237112,0.002623597191244752
0.020495373064394026,0.0026598242307290815
0.020637511518444493,0.002696554360481318
0.02078063572376947,0.0027337945510129986
0.020924752516700354,0.0027715518689673878
0.021069868780979502,0.002809833478431831
0.02121599144808906,0.0028486466422685606
0.021363127497582013,0.0028879987235478194
0.0215112839574156,0.0029278971876395233
0.02166046790428698,0.00296834960189398
0.02181068646397125,0.0030093636370216864
0.021961946811661824,0.0030509470703548145
0.022114256172313145,0.0030931077863677685
0.022267621820985788,0.003135853778136643
0.022422051083193943,0.003179193148819528
0.022577551335255346,0.003223134113156438
0.022734130004643565,0.003267684998987844
0.022891794570342842,0.003312854248794319
0.023050552563205248,0.0033586504212580544
0.023210411566310436,0.003405082192842166
0.023371379215327854,0.0034521583593931904
0.02353346319888144,0.0034998878377639994
0.02369667125891689,0.003548279667458431
0.02386101119107143,0.0035973430122980717
0.0240264908450462,0.0036470871621097746
0.024193118124981174,0.0036975215344371665
0.024360900989832714,0.0037486556762742263
0.024529847453753726,0.0038004992658206256
0.024699965586476448,0.003853062114261318
0.02487126351369792,0.0039063541675709475
0.025043749417468085,0.003960385508338587
0.025217431536580633,0.0040151663576193436
0.025392318166966493,0.004070707076809352
0.02556841766209012,0.004127018169545305
0.025745738433348476,0.004184110283629567
0.025924288950472815,0.004241994212979752
0.026104077741933233,0.004300680899720798
0.026285113395346026,0.004360181437394067
0.026467404557883892,0.004420507070002531
0.02665095993668895,0.004481669194678497
0.026835788299288635,0.004543679366071404
0.027021898474014514,0.0046065492971920675
0.02720929935042391,0.004670290861549169
0.02739799987972457,0.004734916095312607
0.027588009075202174,0.004800437199504517
0.027779336012650892,0.0048668665422197215
0.027971989830806867,0.004934216660873571
0.02816597973178473,0.005002500264480645
0.028361314981517158,0.005071730235962097
0.028558004910197426,0.005141919634481922
0.028756058912725094,0.005213081697814976
0.028955486449154754,0.005285229844746233
0.029156297045147862,0.00535837767749763
0.029358500292427762,0.005432538984189368
0.029562105849237817,0.005507727741331949
0.02976712344080275,0.005583958116349564
0.029973562859793156,0.005661244470137002
0.030181433966793247,0.005739601359647986
0.03039074669077186,0.005819043540518064
0.0306015110295567,0.005899585969720376
0.030813737050311887,0.0059812438082543565
0.031027434890018833,0.006064032423870463
0.0312426147559604,0.006147967393829767
0.03145928692620849,0.0062330645076958315
0.031677461750114926,0.006319339770166876
0.03189714964880589,0.006406809404084487
0.032118361115679554,0.006495489855405212
0.032341106716907396,0.0065853977908883615
0.03256539709193884,0.006676550103090026
0.032791242954009495,0.006768963916050027
0.033018655090652826,0.006862656586715133
0.03324764436421547,0.006957645707996232
0.03347822171237603,0.007053949111896939
0.033710398148667525,0.007151584872681089
0.033944184763003496,0.007250571310077712
0.03417959272220764,0.007350926992528458
0.03441663327054727,0.007452670740474944
0.03465531773027033,0.00755582162968584
0.034895657502146245,0.007660398994627032
0.03513766406601048,0.007766422431871967
0.03538134898131285,0.007873911803555247
0.03562672388766967,0.007982887240868704
0.03587380050541973,0.008093369147599545
0.0361225906361841,0.008205378203713858
0.03637310616342985,0.00831893536898329
0.036625359053037654,0.008434061886654982
0.036879361353873354,0.008550779287168101
0.03713512519836344,0.008669109391915382
0.03739266280307461,0.0087890743170493
0.037651986469297224,0.00891069647733638
0.037913108583633,0.009033998590056512
0.03817604161858648,0.009159003678950358
0.03844079813316093,0.009285735078214456
0.03870739077345817,0.009414216436546396
0.038975832273282565,0.009544471721477401
0.039246135454749365,0.009676525226670523
0.03951831322889705,0.009810401567681912
0.03979237859630409,0.009946125690333353
0.040068344647709885,0.010083722878117984
0.04034622456464006,0.010223218754380066
0.04062603162003607,0.010364639286649647
0.0409077791788892,0.010508010791086313
0.04119148069887893,0.010653359936976178
0.04147714973101574,0.010800713751281612
0.04176479992028837,0.010950099623243488
0.04205444500631561,0.011101545309038535
0.042346098824002525,0.011255078936489294
0.042639775304201294,0.011410729009829264
0.04293548847437664,0.011568524414523438
0.04323325245927583,0.011728494422144157
0.04353308148160335,0.011890668695302264
0.043834989862700235,0.01205507729263629
0.044138992023228185,0.012221750673856733
0.044445102483858266,0.012390719704848608
0.04475333586596464,0.012562015662831858
0.04506370689232281,0.012735670241579282
0.0453762303878129,0.01291171555669439
0.04569092128012783,0.013090184150946755
0.04600779460048624,0.013271108999667854
0.04632686548435053,0.013454523516206903
0.04664814917214975,0.013640461557446635
0.046971661010007625,0.013828957429379677
0.0472974164504755,0.014020045892751146
0.04762543105327045,0.01421376216936332
0.047955720486018524,0.014410141951557341
0.04828830052500307,0.014609221396858524
0.04862318705591829,0.014811037139295378
0.04896039607462806,0.015015626300024046
0.049299943687929906,0.015223026490152263
0.049641846114324435,0.01543327581674764
0.04998611968478993,0.015646412888979208
0.05033278084356243,0.015862476824322916
0.05068184614892121,0.016081507254832313
0.05103333227397966,0.016303544333475303
0.05138725600748169,0.01652862874053465
0.05174363425460363,0.016756801690075564
0.05210248403776172,0.016988104936479106
0.05246382249742517,0.01722258078104172
0.05282766689293496,0.017460272078642054
0.05319403460332807,0.01770122224447328
0.05356294312816773,0.01794547526084375
0.05393441008837921,0.018193075684044716
0.05430845322709154,0.018444068651284926
0.054685090410484964,0.018698499887693277
0.05506433962864434,0.018956415713390126
0.055446218996418446,0.019217863050624773
0.05583074675428522,0.019482889430982454
0.05621794126922301,0.01975154300265916
0.0566078210355879,0.020023872537804657
0.057000404675997075,0.020299927439934154
0.05739571094221832,0.02057975775140765
0.057793758716065735,0.02086341416098251
0.05819456701030159,0.021150948012490997
0.05859815496954448,0.021442411317516376
0.05900454187118378,0.02173785674697515
0.05941374712630041,0.02203733764721172
0.059825790280594045,0.022340908054567617
0.06024069101531665,0.022648622698501097
0.060658469148212615,0.022960537009612442
0.061079144634465336,0.02327670712773695
0.06150273756765034,0.023597189910105103
0.061929268180695114,0.023922042939569524
0.06235875684684544,0.024251324532899195
0.06279122408063871,0.02458509374913994
0.06322669053888355,0.024923410398040417
0.06366517702164666,0.025266335048544204
0.06410670447324632,0.025613929037347473
0.06455129398325271,0.025966254477519782
0.06499896678749537,0.026323374267190194
0.06544974426907742,0.026685352098296505
0.065903647959397,0.027052252465397365
0.06636069953917569,0.027424140674546255
0.06682092083949408,0.027801082852227023
0.06728433384283454,0.02818314595435006
0.06775096068413125,0.02857039777530827
0.06822082365182743,0.028962906957091503
0.06869394518893993,0.029360742998459324
0.06917034789413128,0.02976397626417093
0.06965005452278909,0.030172677994269727
0.07013308798811296,0.03058692031342357
0.07061947136220893,0.031006776240324215
0.07110922787719151,0.031432319698706114
0.07160238092629338,0.031863625534638694
0.07209895406498276,0.03230076950001326
0.07259897101208854,0.03274382827824562
0.07310245565093318,0.03319287950079864
0.07360943203047354,0.0336480017505599
0.07411992436644965,0.03410927457156974
0.07463395704254118,0.03457677847879069
0.07515155461153226,0.03505059496791564
0.07567274179648424,0.03553080652521385
0.07619754349191658,0.036017496637412647
0.07672598476499591,0.03651074980161166
0.07725809085673338,0.03701065153522803
0.0777938871831903,0.03751728838597061
0.07833339933669214,0.03803074794184004
0.07887665308705097,0.03855111884115219
0.07942367438279628,0.03907849078258275
0.0799744893524145,0.039612954535230005
0.08052912430559697,0.040154601948693
0.08108760573449668,0.04070352596316116
0.08164996031499358,0.04125982061951376
0.08221621490796888,0.04182358106942536
0.0827863965605879,0.04239490358547331
0.08336053250759211,0.04297388557124412
0.08393865017259998,0.0435606255714359
0.0845207771694168,0.04415522328195179
0.08510694130335374,0.044757779559981045
0.08569717057255587,0.04536839643406399
0.08629149316933961,0.04598717711416813
0.08688993748153924,0.04661422600370738
0.08749253209386287,0.047249648722711174
0.08809930578925791,0.04789355207437926
0.08871028755028568,0.0485460440863656
0.08932550656050585,0.049207234025220654
0.08994499220587049,0.049877232398466656
0.09056877407612753,0.05055615096436658
0.09119688196623425,0.05124410274163252
0.09182934587778036,0.05194120201906758
0.09246619602042103,0.052647564365136616
0.0931074628133199,0.05336330663745894
0.09375317688660202,0.054088546992216116
0.0944033690828169,0.054823404893468757
0.09505807045841168,0.055568001122376316
0.09571731228521461,0.0563224577863117
0.09638112605192871,0.05708689832786405
0.0970495434656358,0.05786144753372177
0.09772259645331102,0.05864623154342933
0.09840031716334786,0.05944137785800868
0.09908273796709367,0.060247015348437113
0.09976989146039586,0.0610632742639741
0.10046181046515888,0.061890286240328184
0.10115852803091209,0.06272818430765427
0.1018600774363881,0.06357710289837185
0.1025664921911125,0.06443717785479675
0.10327780603700441,0.06530854643657452
0.10399405294998822,0.06619134732790602
0.10471526714161633,0.06708572064455477
0.10544148306070338,0.0679918079406791
0.10617273539497163,0.06890975221790586
0.10690905907270784,0.069839697953088
0.10765048926443165,0.07078179103387593
0.10839706138457543,0.07173617882179667
0.10914881109317594,0.07270301015556528
0.10990577429757756,0.07368243534747079
0.11066798715414744,0.07467460618822871
0.11143548607000249,0.07567967595150715
0.11220830770474839,0.07669779939811383
0.11298648897223065,0.07772913277982921
0.11377006704229774,0.0787738338428718
0.11455907934257656,0.07983206183098107
0.11535356356026015,0.08090397748810106
0.11615355764390783,0.08198974306065122
0.11695909980525784,0.08308952229936784
0.11777022852105246,0.08420348046069774
0.11858698253487589,0.08533178430772992
0.11940940085900484,0.08647460211064677
0.12023752277627198,0.08763210364667656
0.12107138784194221,0.0888044601995295
0.1219110358856021,0.08999184455829899
0.12275650701306229,0.09119443101580818
0.12360784160827316,0.09241239536638327
0.12446508033525382,0.09364591490303191
0.12532826414003434,0.09489516841400765
0.12619743425261162,0.09616033617873933
0.1270726321889187,0.09744159996310171
0.1279538997528078,0.09873914301400814
0.12884127903804696,0.1000531500533701
0.1297348124303309,0.10138380727748954
0.1306345426093053,0.10273130236759642
0.13154051255060556,0.1040958244019059
0.13245276552790952,0.10547756391425955
0.13337134511500423,0.10687671288326728
0.13429629518786784,0.10829346470975858
0.13522765992676447,0.10972801420506054
0.13616548381835514,0.11118055757839695
0.13710981165782238,0.11265129242335468
0.13806068855101006,0.11414041770339475
0.13901815991657768,0.1156481337363751
0.13998227148816994,0.1171746421780587
0.14095306931660115,0.11872014600457521
0.1419305997720548,0.12028484949380622
0.14291490954629857,0.12186895820566393
0.14390604565491438,0.1234726789612298
0.14490405543954427,0.12509621982072178
0.14590898657015156,0.1267397900602574
0.14692088704729786,0.1284036001473789
0.14793980520443575,0.13008786171530493
0.1489657897102175,0.13179278753587653
0.1499988895708198,0.1335185914911597
0.15103915413228428,0.13526548854366902
0.1520866330828748,0.13703369470517693
0.1531413764554507,0.13882342700406877
0.15420343462985658,0.1406349034512082
0.1552728583353288,0.14246834300427325
0.15634969865291848,0.14432396553052323
0.15743400701793134,0.14620199176803658
0.1585258352223847,0.1481026432962198
0.1596252354174811,0.15002614250691992
0.1607322601160995,0.15197271246732125
0.1618469621953034,0.15394257696381836
0.1629693948988666,0.155935960446318
0.16409961183981644,0.15795308796633772
0.16523766700299444,0.15999418512574104
0.16638361474763508,0.16205947802352424
0.16753750980996224,0.16414919320061067
0.16869940730580354,0.16626355758260433
0.16986936273322312,0.16840279842046083
0.17104743197517236,0.17056714322902547
0.17223367130215933,0.17275681972339324
0.17342813737493626,0.17497205575304314
0.1746308872472062,0.17721307923369814
0.17584197836834814,0.17948011807686373
0.17706146858616092,0.18177340011699503
0.17828941614962657,0.18409315303624427
0.17952587971169237,0.18643960428673906
0.1807709183320725,0.18881298101034175
0.18202459148006914,0.19121350995583972
0.1832869590374127,0.1936414173935167
0.18455808130112247,0.19609692902705536
0.18583801898638624,0.19858026990271818
0.1871268332294612,0.2010916643157616
0.18842458559059302,0.203631335714023
0.189731338056957,0.2061995065986414
0.19104715304561865,0.20879639842185344
0.19237209340651515,0.2114222314818995
0.19370622242545732,0.21407722483128516
0.19504960382715245,0.21676159617121155
0.1964023017782481,0.21947556162830617
0.19776438089039716,0.22221933576362407
0.1991359062233438,0.22499313141959562
0.2005169432880312,0.227797159588252
0.20190755804973076,0.23063162928383635
0.20330781693119268,0.2334967474120443
0.2047177868158189,0.23639271863585118
0.2061375350508576,0.23931974523787597
0.20756712945062017,0.2422780269792369
0.20900663829972033,0.2452677609548563
0.21045613035633565,0.24828914144516806
0.21191567485549198,0.2513423597641864
0.21338534151237024,0.25442760410389564
0.21486520052563654,0.25754505937491884
0.21635532258079515,0.2606949070434281
0.21785577885356477,0.26387732496426003
0.21936664101327835,0.2670924872101971
0.2208879812263062,0.2703405638973876
0.22241987215950323,0.2736217210068662
0.22396238698367965,0.27693612020214864
0.22551559937709617,0.2802839186428721
0.22707958352898322,0.28366526879445675
0.22865441414308443,0.28708031823376207
0.23024016644122508,0.29052920945072297
0.23183691616690494,0.29401207964594384
0.23344473958891618,0.2975290605242372
0.2350637135049864,0.3010802780845366
0.2366939152454468,0.3046658524254726
0.2383354226769259,0.3082858975188097
0.23998831420606892,0.31194052087550816
0.24165266878328268,0.31562982348910457
0.2433285659065069,0.31935389952560983
0.24501608562501123,0.32311283609587765
0.24671530854321894,0.32690671301656044
0.24842631582455693,0.33073560256703355
0.25014918919533247,0.33459956924230805
0.251884010948637,0.3384986695019624
0.2536308639482766,0.34243295151512443
0.2553898316327303,0.34640245490154287
0.2571609980191353,0.35040721046879103
0.2589444477073001,0.3544472399456536
0.26074026588374516,0.35852255571174746
0.262548538325773,0.36263316052344546
0.2643693514055635,0.36677904723616017
0.2662027920943008,0.3709601985230698
0.26804894796632717,0.3751765865903648
0.26990790720332575,0.3794281728890998
0.2717797585985329,0.38371490782374973
0.2736645915609792,0.3880367304575687
0.27556249611976014,0.39239356821486326
0.27747356292833636,0.39678533658029813
0.2793978832688636,0.40121193879535777
0.2813355490565531,0.40567326555209937
0.2832866528440615,0.41016919468433927
0.2852512878259121,0.41469959085642527
0.28722954784294574,0.4192643052505491
0.2892215273868037,0.4238631752741891
0.2912273216044407,0.4284960241929931
0.2932470263026697,0.4331626607718316
0.2952807379527382,0.4378628791225203
0.29732855369493594,0.44259645824253296
0.29939057134323527,0.44736316172824336
0.30146688938996274,0.4521627374509245
0.3035576070105038,0.456994917232117
0.3056628240680401,0.46185941651862
0.30778264111831904,0.4667559340573603
0.30991715941445724,0.47168415157041105
0.31206648091177663,0.47664373343044564
0.3142307082726744,0.48163432633691733
0.3164099448715268,0.4866555589932693
0.3186042947996266,0.4917070417854918
0.32081386287015523,0.49678836646235475
0.32303875462318904,0.5018991058176528
0.3252790763307405,0.5070388133748158
0.3275349350018343,0.5122070230742446
0.3298064383876184,0.5174032489637478
0.33209369498651126,0.522626984892465
0.33439681404938376,0.527877704208672
0.3367159055847779,0.533154859461877
0.3390510803641611,0.5384578821096311
0.34140244992721747,0.5437861822294769
0.3437701265871754,0.5491391482364887
0.3461542234361721,0.5545161466068462
0.3485548543506556,0.5599165216079169
0.350972133996824,0.5653395950363823
0.3534061778361024,0.5707846659859177
0.3558571021306582,0.576251010448267
0.358325023948954,0.5817378812893618
0.3608100611713397,0.5872445080212262
0.36331233249568284,0.5927700964150447
0.3658319574430379,0.5983138283670639
0.36836905636335693,0.6038748616986566
0.3709237504412354,0.6094523299675131
0.3734961617017023,0.6150453422905308
0.3760864130160485,0.620652983178952
0.3786946281076954,0.6262743123863287
0.3813209315581047,0.6319083647698874
0.383965448812729,0.6375541501658782
0.3866283061870038,0.6432106532794927
0.3893096308723808,0.648876833589941
0.39200955094240336,0.6545516252712812
0.39472819535882386,0.6602339371295982
0.3974656939777636,0.6659226525571245
0.40022217755591527,0.6716166295039047
0.40299777775678874,0.6773147004675999
0.40579262715699976,0.6830156725020263
0.4086068592526027,0.6887183272450235
0.4114406084654667,0.6944214209662423
0.4142940101496967,0.7001236846354411
0.41716720059809836,0.7058238240118674
0.4200603170486882,0.7115205197553043
0.4229734976912487,0.7172124275593477
0.4259068816739291,0.7228981783074808
0.42886060910989154,0.7285763782536884
0.43183482108400395,0.7342456092276547
0.43482965965957854,0.7399044285883206
0.43784526788515776,0.7455513701333509
0.44088178980134707,0.7511849439935151
0.4439393704476947,0.7568036368128079
0.4470181558696198,0.7624059122003554
0.45011829312538804,0.7679902110875155
0.4532399302931362,0.7735549521122203
0.4563832164779448,0.7790985320309615
0.4595483018189601,0.7846193261588069
0.4627353374965658,0.7901156888378045
0.46594447573960407,0.7955859539341096
0.46917586983264636,0.8010284353641453
0.47242967412331577,0.8064414276500748
0.4757060440296587,0.8118232065048366
0.47900513604756917,0.8171720294469655
0.48232710775826304,0.822486136445386
0.48567211783580555,0.8277637505943358
0.4890403260546901,0.8330030788185409
0.49243189329746984,0.8382023126087275
0.49584698156244233,0.8433596287875201
0.49928575397138747,0.8484731903057389
0.5027483747773588,0.8535411470690639
0.5062350093725291,0.858561636795003
0.5097458242960905,0.8635327859000481
0.5132809872422087,0.8684527104168713
0.5168406670680349,0.8733195169413641
0.520425033801768,0.8781313036092845
0.5240342586507781,0.8828861611034586
0.5276685140097842,0.8875821736289894
0.531327973469088,0.8922174196299877
0.5350128118228658,0.8967899741173029
0.5387232050775173,0.9012979087189046
0.542459330460073,0.9057392929351691
0.5462213664266587,0.9101121954416069
0.5500094926710206,0.9144146852879719
0.5538238901331071,0.9186448331226441
0.5576647410077121,0.9228007124415575
0.5615322287531778,0.9268804008608862
0.5654265381001566,0.9308819814126509
0.5693478550604361,0.9348035438623555
0.5732963669358226,0.9386431860477086
0.577272262327089,0.9423990152374342
0.5812757311429815,0.946069149509118
0.5853069646092927,0.9496517191449899
0.5893661552779937,0.9531448680444808
0.5934534970364326,0.9565467551523483
0.5975691851165946,0.9598555559011079
0.6017134161044281,0.9630694636664549
0.6058863879492339,0.9661866912343149
0.6100882999731208,0.9692054722781026
0.6143193528805259,0.9721240628447301
0.6185797487678013,0.9749407428478436
0.6228696911328675,0.9776538175667334
0.6271893848849331,0.9802616191493027
0.6315390363542825,0.982762508117447
0.6359188533021314,0.98515487487316
0.6403290449305502,0.9874371412057317
0.6447698218924567,0.9896077616126606
0.6492413963016779,0.9916652246127808
0.653743981743082,0.9936080557785788
0.6582777932827796,0.9954348174808084
0.6628430474783968,0.9971441108474373
0.6674399623894193,0.998734577298254
0.672068757587607,1.000204899990944
0.6767296541674831,1.0015538052509672
0.681422874756894,1.0027800639832227
0.6861486435276433,1.0038824930634722
0.6909071862061991,1.0048599567074754
0.6956987300844764,1.0057113678157883
0.7005235040306931,1.0064356892921615
0.7053817385003022,1.007031935333489
0.7102736655469996,1.0074991726892406
0.7151995188338072,1.007836521888342
0.7201595336442367,1.0080431584314582
0.7251539468935241,1.0081183139466656
0.7301829971399478,1.0080612773065143
0.735246924596224,1.007871395704508
0.7403459711409791,1.0075480756890636
0.7454803803303042,1.0070907841530419
0.7506503974093875,1.0064990492769903
0.7558562693242296,1.0057724614242725
0.7610982447334376,1.004910673986327
0.7663765740201034,1.0039134041763325
0.7716915093037627,1.002780433769634
0.7770433044524377,1.001511609789361
0.7824322150947627,1.0001068451369168
0.7878584986321948,0.9985661188156436
0.7933224142513083,0.9968894769173597
0.7988242229361749,0.9950770337642991
0.8043641874808295,0.9931289708777143
0.8099425725018228,0.9910455379154521
0.8155596444508603,0.9888270529294101
0.8212156716275297,0.9864739025645682
0.8269109241921164,0.9839865421925115
0.8326456741785073,0.9813654959787224
0.8384201955071845,0.9786113568830218
0.8442347639983097,0.9757247865926345
0.8500896573848978,0.9727065153874737
0.8559851553260841,0.9695573419373235
0.8619215394204809,0.9662781330307261
0.8678990932196289,0.962869823235466
0.8739181022415409,0.9593334144906593
0.8799788539843393,0.9556699756305638
0.8860816379399887,0.9518806418403106
0.8922267456081237,0.9479666140438838
0.8984144705099717,0.9439291582247585
0.9046451082023738,0.939769604679711
0.9109189562919012,0.9354893472064131
0.9172363144490713,0.9310898422255179
0.9235974844226608,0.9265726078380346
0.9300027700541188,0.9219392228188842
0.9364524772920803,0.917191325547612
0.9429469142069792,0.9123306128773296
0.9494863910057636,0.9073588389430479
0.9560712200467131,0.902277813907866
0.9627017158543579,0.8970894021647371
0.969378195134503,0.891795522627683
0.9761009767893546,0.8863981453752712
0.9828703819327534,0.8808992910427598
0.9896867339055123,0.875301029202334
0.9965503582908606,0.8696054767824976
1.0034615829299944,0.8638147964426456
1.0104207379377406,0.8579311949010097
1.0174281557183178,0.8519569212179379
1.024484170981219,0.8458942650365145
1.0315891207571966,0.8397455547826439
1.0387433444143614,0.8335131558267647
1.0459471836743925,0.8271994686094655
1.0532009826288597,0.8208069267333292
1.0605050877556588,0.8143379950234277
1.0678598479355608,0.807795167558949
1.0752656144688773,0.8011809656785184
1.0827227410922393,0.7944979359618465
1.090231583995494,0.7877486481903998
1.097792501838718,0.7809356932898484
1.1054058557693487,0.7740616812571146
1.1130720094394349,0.7671292390748766
1.1207913290230056,0.7601410086164467
1.1285641832335618,0.7530996445439567
1.136390943341687,0.7460078122028265
1.1442719831927815,0.7388681855154955
1.1522076792249187,0.7316834448774073
1.160198410486826,0.7244562750582789
1.1682445586559898,0.7171893631018829
1.176346508056887,0.7098853958863321
1.184504645679341,0.702547060149813
1.1927193611970084,0.6951770364716452
1.2009910469859888,0.6877780004077343
1.2093200981435694,0.6803526195557433
1.2177069125070954,0.6729035515863132
1.2261518906729731,0.6654334422890085
1.2346554360158042,0.6579449236481841
1.243217954707653,0.6504406119510862
1.2518398557374477,0.642923105930397
1.2605215509305154,0.6353949849433228
1.2692634549682527,0.6278588071892023
1.2780659854079335,0.6203171079675098
1.286929562702653,0.612772397978009
1.2958546102214112,0.6052271616647061
1.3048415542693352,0.5976838556051562
1.3138908241080414,0.59014490694656
1.3230028519761385,0.582612711890015
1.3321780731098753,0.5750896342241816
1.3414169257639275,0.5675780039095487
1.3507198512323324,0.5600801157144024
1.3600872938695672,0.552598227903528
1.369519701111773,0.5451345609806013
1.3790175234981272,0.5376912964851556
1.388581214692363,0.530270575844938
1.3982112315044395,0.5228744992843939
1.4079080339123582,0.5155051247899468
1.4176720850841416,0.5081644671327173
1.427503851399946,0.5008544969308912
1.437403802474346,0.4935771397754996
1.4473724111787616,0.48633427669062845
1.4574101536640471,0.47912773983795
1.4675175093832333,0.47195931529389307
1.4776949611144292,0.46483074127046475
1.4879429949838814,0.4577437075586551
1.498262100489194,0.4506998550193135
1.5086527705227104,0.44370077513201406
1.5191155013950548,0.4367480096014074
1.5296507928588394,0.42984305002043777
1.540259148132535,0.42298733758971707
1.5509410739245073,0.41618226289225735
1.5616970804572197,0.4094291657226919
1.5725276814916038,0.4027293349700645
1.5834333943516,0.39608400855322073
1.5944147399488662,0.3894943734078171
1.6054722428076613,0.3829615655239542
1.6166064310898964,0.37648667003344494
1.6278178366203646,0.37007072134573826
1.6391069949121428,0.3637147033315475
1.6504744451921705,0.35741954955324595
1.6619207304270058,0.3511861435411121
1.6734463973487608,0.34501531911451977
1.6850519964812158,0.3389078607471607
1.6967380821661153,0.3328645039753708
1.708505212589646,0.32688593584858777
1.7203539498090987,0.3209727954209091
1.732284859779715,0.31512567428266575
1.7442985123817196,0.3093451170892033
1.756395481447542,0.30363162247646813
1.7685763447892242,0.29798564369251
1.7808416842260204,0.2924075878313568
1.793192085612188,0.2868978184294348
1.8056281388649704,0.28145665552385624
1.8181504379927746,0.2760843764091822
1.8307595811235446,0.2707812164334849
1.8434561705333297,0.2655473698186062
1.8562408126750531,0.2603829905023467
1.8691141182074797,0.2552881930003246
1.8820767020243832,0.2502630532852775
1.8951291832839163,0.24530760968164725
1.908272185438186,0.24042186377339786
1.9215063362630327,0.2356057813231407
1.934832267888014,0.23085929320079096
1.9482506168266012,0.22618229632013287
1.96176202400658,0.22157465458182754
1.975367134800664,0.21703619982153927
1.9890665990573282,0.21256673276198146
2.002861071131837,0.2081660239677968
2.016751209917508,0.20383381480224472
2.030737678877182,0.19956981838473767
2.044821146074912,0.19537372054828717
2.0590022842078755,0.19124518079592817
2.073281770638504,0.18718383325519364
2.0876602874268384,0.1831892876297018
2.1021385213631074,0.17926113014692424
2.116717164000531,0.17539892450116767
2.1313969116883547,0.17160221277119697
2.146178465605108,0.16787051661216998
2.161062531792099,0.16420333763204403
2.176049821187136,0.16060015853417792
2.191141049658486,0.15706044427073879
2.2063369380390707,0.15358364277795172
2.2216382121608933,0.15016918586149378
2.2370456028897103,0.1468164900752714
2.2525598461599405,0.14352495758988346
2.2681816830098174,0.14029397705030994
2.2839118596167847,0.13712292442227839
2.299751127333137,0.13401116382663628
2.315700242721909,0.1309580483609012
2.331759967593012,0.12796292090700698
2.3479310690396216,0.12502511492411003
2.36421431947482,0.12214395522521028
2.3806104966684876,0.11931875873628209
2.397120383784454,0.11654883523662452
2.4137447694179075,0.11383348807923821
2.4304844476330603,0.11117201489021841
2.447340218001077,0.10856370824641155
2.464312885638268,0.10600785633089856
2.481403261244545,0.10350374356622079
2.498612161142143,0.10105065122561085
2.515940407314613,0.09864785802281434
2.533388827446085,0.0962946406813433
2.5509582549607996,0.09399027448417611
2.56864952906292,0.09173403380499259
2.5864634947766127,0.0895251926218563
2.604401002986414,0.08736302508259773
2.6224629104778705,0.08524680591649351
2.6406500799784625,0.08317581058707484
2.658963380198815,0.0811493164436779
2.6774036858741894,0.07916660264461746
2.695971877806266,0.07722695070766501
2.7146688429052146,0.07532964491772534
2.7334954742320607,0.0734739727187876
2.7524526710413357,0.07165922509047942
2.771541338824044,0.06988469690903239
2.7907623893508964,0.06814968729250448
2.810116740715871,0.06645349993010775
2.8296053173800644,0.06479544339548134
2.8492290502158477,0.06317483144369568
2.8689888765513305,0.061590983291709214
2.8888857402151316,0.06004322388193783
2.9089205915814613,0.05853088412857757
2.929094387615516,0.057053301146373955
2.949408091919189,0.05560981846168186
2.9698626747770946,0.05419978620591927
2.990459113202914,0.05282256129187019
3.0111983909860656,0.0514775075737054
3.0320814987386915,0.05016399599200679
3.053109433942977,0.048881404705432854
3.074283200998794,0.047629119210889186
3.095603811271677,0.04640653245410943
3.1170722831411295,0.04521304493239039
3.13868964204927,0.04404806479086278
3.160456920549808,0.04291100791228352
3.1823751583573676,0.04180129813497558
3.2044454023971483,0.040718367026035526
3.2266687068549302,0.0396616541184093
3.249046133227429,0.03863060704029035
3.271578750372998,0.0376246815202811
3.29426763456268,0.03664334143417973
3.3171138695316196,0.03568605884111103
3.340118546530824,0.034752314009039185
3.3632827643792886,0.03384159542909758
3.3866076295164818,0.032953399818994866
3.410094256055193,0.03208723211602131
3.43374376583475,0.031242605460361544
3.457557288474603,0.03041904116954333
3.4815359614282793,0.029616068704954427
3.5056809300377174,0.02883322563147523
3.5299933475879706,0.028070057571418755
3.5544743753622954,0.027326118154118364
3.5791251826976205,0.0266009689626098
3.6039469470403995,0.025894179478844537
3.628940854002852,0.025205327028682528
3.654108097419594,0.02453399672751159
3.679449879404662,0.023879781426747345
3.7049674104089316,0.023242281660764127
3.730661909277935,0.02262110559312276
3.75653460331008,0.022015868960444572
3.7825867283152688,0.02142619501206102
3.80881952867393,0.02085171444371186
3.8352342573964564,0.020292065324055267
3.861832176183047,0.019746893011366524
3.8886145554839935,0.019215850176184785
3.9155826745603357,0.01869859656833551
3.9427378215449824,0.018194798680645424
3.9700812935042364,0.017704130101627195
3.9976143964997464,0.017226271220904213
4.025338445650894,0.016760909128940592
4.0532547651976065,0.016307737515438514
4.081364688563615,0.015866456571229526
4.10966955842014,0.015436772893929413
4.138170726750025,0.015018399397701592
4.166869554912319,0.01461105522692478
4.195767413707293,0.0142144656728585
4.2248656834419265,0.013828362091627015
4.254165753995829,0.013452481821189884
4.283669024887633,0.013086568094685147
4.31337690534184,0.01273036994784305
4.343290814356132,0.012383642119155719
4.3734121807691535,0.012046144943019038
4.403742443328753,0.011717644237776667
4.434283050760709,0.011397911191997257
4.4650354618379335,0.011086722252931305
4.496001145450139,0.010783859020658827
4.52718158067401,0.010489108150022217
4.5585782568438455,0.010202261260455335
4.590192673622699,0.009923114851898427
4.622026341074012,0.00965147022374855
4.654080779733736,0.00938713339360704
4.686357520682969,0.00912991501342586
4.718858105621082,0.008879630281538684
4.75158408693936,0.008636098891599707
4.78453702779515,0.008399144966649329
4.8177185021865325,0.008168596653217012
4.851130095027493,0.007944286411486114
4.884773402223632,0.007726050804408901
4.918650030748395,0.007513730400587901
4.952761598719823,0.007307169686793555
4.987109735477848,0.007106216980107776
5.021696081662116,0.006910724340395362
5.056522289290351,0.00672054748438604
5.091590021837268,0.006535545703014518
5.126900954314023,0.006355581783485785
5.162456773348225,0.006180521936870201
5.198259177264495,0.0060102357310685296
5.234309876165587,0.005844596027907531
5.270610592014071,0.0056834789220939624
5.307163058714586,0.005526763678961038
5.343969022196653,0.005374332667683635
5.381030240498076,0.005226071287281419
5.418348483848905,0.005081867884512385
5.455925534756016,0.004941613665517278
5.493763188088217,0.0048052026060732755
5.531863251162005,0.0046725313673707915
5.570227543827882,0.004543499224181704
5.608857898557286,0.004418008009615134
5.647756160530116,0.004295962075914418
5.686924187722866,0.004177268265521272
5.726363850997374,0.004061835882936685
5.766077034190182,0.003949576659334116
5.80606563420252,0.0038404046782084204
5.8463315610909055,0.0037342362700161823
5.886876738158385,0.003630990098691297
5.9277031020463955,0.0035305869147609827
5.9688126028272706,0.003432949491743435
6.010207204097383,0.003338002567217409
6.051888883070941,0.0032456727958174022
6.093859630674423,0.0031558887252170135
6.136121451641682,0.0030685807891311727
6.178676364609696,0.0029836813054309134
6.221526402214987,0.002901124464960411
6.264673611190719,0.002820846298777988
6.308120052464449,0.002742784618275299
6.351867801256576,0.0026668789319755576
6.395918947179459,0.0025930703513760193
6.440275594337228,0.0025213015026257055
6.484939861426288,0.00245151645939449
6.529913881836521,0.0023836607056699553
6.575199803753178,0.002317681127972053
6.6207997902594995,0.0022535260277135156
6.6667160194400275,0.002191145138627284
6.7129506844846425,0.0021304896327148594
6.759505993793323,0.002071512101435875
6.806384171081628,0.0020141665062960224
6.8535874554869185,0.00195840810282129
6.901118101675299,0.001904193351094193
6.948978379949321,0.001851479831100995
6.997170576356424,0.0018002261798164211
7.04569699279812,0.0017503920632723207
7.094559947139953,0.0017019381591306785
7.14376177332221,0.0016548262519473973
7.193304821471397,0.0016090191296016232
7.2431914580124985,0.001564480667317496
7.2934240657820055,0.0015211758375904142
7.344005044141737,0.0014790706643389045
7.394936809093436,0.0014381321631527827
7.4462217933941846,0.00139832826469043
7.497862446672589,0.0013596277361713639
7.549861235545799,0.0013220001163701403
7.602220643737307,0.0012854156754364496
7.654943172195625,0.0012498454042502338
7.708031339213687,0.0012152610309903275
7.761487680549173,0.001181635056095729
7.8153147495456174,0.0011489407912733118
7.86951511725437,0.0011171523851692235
7.924091372557403,0.0010862448202469302
7.979046122290974,0.0010561938733339381
8.034381991370132,0.001026976043844544
8.090101622914101,0.0009985684642822867
8.146207678372535,0.0009709488137007306
8.20270283765263,0.0009440952552979458
8.259589799247138,0.0009179864142469377
8.316871280363262,0.000892601400969585
8.374550017052435,0.0008679198696441486
8.432628764341015,0.0008439220873900325
8.49111029636188,0.0008205889844723141
8.549997406486925,0.0007979021640104948
8.6092929074605,0.000775843869151211
8.668999631533747,0.0007543969137248529
8.7291204305999,0.0007335445758083971
8.789658176330487,0.0007132705537515558
8.850615760312508,0.000693558876926354
8.911996094186547,0.0006743938828271332
8.97380210978585,0.0006557602260930849
9.036036759276358,0.000637642913044497
9.098703015297724,0.0006200273508172338
9.161803871105295,0.0006028993984188125
9.225342340713093,0.0005862454092937908
9.28932145903777,0.0005700522552339834
9.353744282043577,0.0005543073202629153
9.41861388688833,0.0005389984549882431
9.483933372070394,0.0005241138909982272
9.549705857576678,0.0005096421309671885
9.615934485031659,0.0004955718463308251
9.682622417847453,0.00048189181895514895
9.749772841374906,0.00046859094866964036
9.817388963055745,0.00045565832158998403
9.885474012575779,0.0004430833124103335
9.954031242019171,0.00043085568859372724
10.023063926023768,0.0004189656903487863
10.092575361937506,0.00040740406611243306
10.162568869975964,0.0003961620474051085
10.233047793380827,0.0003852312569962649
10.304015498579751,0.00037460356393294157
10.375475375346978,0.0003642709213300694
10.447430836965424,0.00035422523600561057
10.51988532038954,0.00034445831628329194
10.592842286409654,0.0003349619127377036
10.666305219817104,0.0003257278307701163
10.74027762957086,0.0003167481935982818
10.814763048964952,0.0003080155700075281
10.88976503579742,0.00029952312059265554
10.965287172540073,0.00029126461397598345
11.041333066509779,0.0002832343026622779
11.117906350040597,0.0002754266905378163
11.195010680657454,0.00026783626577519447
11.27264974125066,0.0002604572851311592
11.350827240252011,0.00025328367443687715
11.429546911811734,0.0002463090719871131
11.508812515977036,0.0002395270063269474
11.588627838871513,0.00023293117189025441
11.668996692876188,0.0002265157347224239
11.749922916811414,0.00022027556928582427
11.831410376120433,0.0002142063258547476
11.913462963053808,0.0002083042796132684
11.996084596855537,0.00020256599983106954
12.07927922395006,0.0001969879536409824
12.163050818130953,0.00019156618223960817
12.24740338075054,0.00018629614870292415
12.332340940911223,0.00018117279067813246
12.417867555657718,0.00017619076203562243
12.503987310171055,0.0001713448145879247
12.590704317963498,0.0001666302258845744
12.678022721075205,0.0001620431329236494
12.765946690272,0.00015758063349879394
12.854480425244503,0.00015324059038114712
12.943628154808923,0.00014902119580976952
13.033394137108827,0.00014492042653379961
13.123782659818751,0.00014093566295580586
13.214798040348777,0.00013706345230175897
13.306444626050977,0.00013329958618590773
13.39872679442685,0.00012963942368484022
13.49164895333662,0.00012607839681273153
13.585215541209573,0.00012261256304362032
13.679431027256266,0.0001192390169380748
13.774299911681783,0.00011595599573551722
13.869826725900918,0.000112762621979309
13.966016032754375,0.0001096583620514048
14.062872426726958,0.0001066423841637175
14.160400534166786,0.00010371303420121361
14.258605013506507,0.00010086759542053377
14.357490555485573,9.810239593135108e-05
14.457061883374523,9.541323265120714e-05
14.557323753200372,9.279599929678492e-05
14.658280953973994,9.024733299300594e-05
14.759938307918652,8.776506552802825e-05
14.862300670700565,8.53483177954497e-05
14.965372931660587,8.299718856172893e-05
15.06916001404801,8.071211880622157e-05
15.173666875255462,7.849313865728652e-05
15.278898507055946,7.633926797047312e-05
15.384859935841034,7.424827353684337e-05
15.491556222861186,7.22168346202752e-05
15.598992464467269,7.024105112561433e-05
15.707173792354219,6.831716074313544e-05
15.816105373805911,6.644226304526856e-05
15.925792411942234,6.461478720145092e-05
16.036240145967355,6.283457395984814e-05
16.14745385142022,6.11024570799807e-05
16.259438840426306,5.941954881079296e-05
16.372200461951586,5.77864452954291e-05
16.48574410205778,5.620260652425555e-05
16.60007518415988,5.466610962402724e-05
16.71519916928493,5.317385304452921e-05
16.83112155633314,5.172215972751208e-05
16.947847882340273,5.030759643343576e-05
17.0653837227424,4.892772533695298e-05
17.183734691641924,4.758152392535483e-05
17.302906442076022,4.626935720626909e-05
17.42290466628638,4.499253442556542e-05
17.54373509599138,4.375257720394785e-05
17.665403502659558,4.255041417292621e-05
17.787915697785564,4.138576091675977e-05
17.91127753316762,4.025688628297493e-05
18.035494901186933,3.916085550983372e-05
18.160573735089386,3.8094207030986326e-05
18.28652000926866,3.705384326490777e-05
18.413339739551894,3.603777793299624e-05
18.541038983486732,3.5045458953136746e-05
18.66962384063095,3.407763698356032e-05
18.799100452843525,3.313589397218116e-05
18.929475004578283,3.222194736123927e-05
19.060753723178998,3.1336887721463504e-05
19.19294287917716,3.0480571126633514e-05
19.326048786591166,2.9651376910378682e-05
19.460077803228224,2.884649716811332e-05
19.595036330987718,2.806270804871359e-05
19.73093081616732,2.7297287867007527e-05
19.867767749770568,2.654870301932489e-05
20.00555366781724,2.581678931321845e-05
20.144295151655204,2.51025207845259e-05
20.283998828275138,2.4407555487431916e-05
20.4246713706267,2.3733635873015878e-05
20.56631949793762,2.3081912246812593e-05
20.7089499760343,2.2452341586743772e-05
20.852569617665324,2.1843415681595387e-05
20.99718528282652,2.1252467702023648e-05
21.142803879088984,2.0676512127447275e-05
21.28943236192867,2.0113204222483527e-05
21.43707773505896,1.956142670593558e-05
21.585747050764855,1.9021311676345495e-05
21.735447410240173,1.8493920279858612e-05
21.886185963926394,1.7980848541739468e-05
22.037969911854542,1.7483765681472136e-05
22.19080650398875,1.700382144625419e-05
22.344703040572906,1.6541032607973572e-05
22.49966687247899,1.6093976610711602e-05
22.655705401558563,1.566012922026619e-05
22.812826080995926,1.5236783723377448e-05
22.971036415664514,1.4822012649462124e-05
23.13034396248499,1.4415100834554333e-05
23.290756330786557,1.4016377456533163e-05
23.45228118267007,1.3626855856390568e-05
23.614926233374376,1.324796020769694e-05
23.778699251644458,1.2881220466863968e-05
23.943608060102886,1.2527759951867085e-05
24.109660535623092,1.2187645917864034e-05
24.276864609705985,1.1859524542623663e-05
24.445228268858415,1.1541009026328418e-05
24.61475955497499,1.1229693587865154e-05
24.785466565722054,1.0924082659463588e-05
24.957357454924313,1.062383739339557e-05
25.130440432954664,1.0329424681745442e-05
25.30472376712595,1.0041734889625298e-05
25.480215782086265,9.761936346102393e-06
25.656924860216165,9.49134679232435e-06
25.83485944202947,9.231032479192054e-06
26.014028026576,8.981108289902435e-06
26.194439171847968,8.740295162632033e-06
26.37610149518831,8.506369275703001e-06
26.559023673702733,8.277268491689043e-06
26.743214444673743,8.05193569284536e-06
26.92868260597842,7.830333380895587e-06
27.115437016508203,7.6129615699248e-06
27.303486596592474,7.400522371895739e-06
27.49284032842421,7.193908592786966e-06
27.683507256489452,6.994235140742284e-06
27.875496487998863,6.802524639745494e-06
28.06881719332319,6.618931642989436e-06
28.263478606430844,6.442222619041829e-06
28.459490025329398,6.270326106095386e-06
28.656860812509258,6.101551543421347e-06
28.855600395391328,5.935282923143753e-06
29.05571826677683,5.771709989752232e-06
29.25722398530122,5.611277685213713e-06
29.460127175890264,5.454465474147705e-06
29.66443753022026,5.3019029707047505e-06
29.870164807180473,5.154527037629502e-06
30.07731883333976,5.013343954772269e-06
30.28590950341545,4.8785509387161146e-06
30.49594678074645,4.748931352488788e-06
30.707440697768646,4.622535123073324e-06
30.920401356494615,4.498020471811301e-06
31.134838928995634,4.3751853822789175e-06
31.350763657888056,4.254415412903991e-06
31.568185856822048,4.136076611036614e-06
31.787115910974727,4.020419412582207e-06
32.00756427754569,3.907807890811407e-06
32.22954148625704,3.7990060724985614e-06
32.453058139855784,3.6950159099384238e-06
32.67812491462083,3.5960850718733243e-06
32.90475256087241,3.5010231846888896e-06
33.13295190348605,3.4080080361105617e-06
33.36273384240918,3.3160238691623827e-06
33.594109353182205,3.22520607296494e-06
33.82708948746229,3.1360470651874917e-06
34.06168537355174,3.048816912562079e-06
34.29790821692902,2.963582157196922e-06
34.53576930078445,2.880481681098508e-06
34.77527998655898,2.8001277918982346e-06
35.016451714486585,2.7235169506329565e-06
35.25929600414128,2.650935812615109e-06
35.50382445498672,2.5812257837586374e-06
35.75004874693087,2.5127062406725694e-06
35.9979806408833,2.444665398158317e-06
36.24763197931751,2.3774832852880458e-06
36.499014686836034,2.311671432506992e-06
36.75214077074059,2.2474137118039454e-06
37.00702232160499,2.1846537320755692e-06
37.26367151385332,2.123353367605167e-06
37.52210060634075,2.0640080028134363e-06
37.78232194293977,2.0075868613595762e-06
38.044347953129126,1.954351127727744e-06
38.30819115258817,1.9031872385835993e-06
38.57386414379405,1.852624652072681e-06
38.84137961662423,1.8022358347872664e-06
39.110750348962085,1.7525407498973948e-06
39.38198920730781,1.703993101229792e-06
39.65510914739237,1.6566980686827477e-06
39.93012321479697,1.610519141439383e-06
40.20704454557553,1.56529581911076e-06
40.485886366882774,1.521455624204134e-06
40.7666619976054,1.4799188124874233e-06
41.04938484899886,1.440885682396444e-06
41.33406842532736,1.4033059009625822e-06
41.620726324509484,1.3659313949248497e-06
41.90937223876708,1.3285826391354072e-06
42.200019955279906,1.2918401871755584e-06
42.49268335684355,1.2560495353734015e-06
42.78737642253316,1.2212651515180555e-06
43.08411322837051,1.187307644000252e-06
43.38290794799704,1.1539276961381536e-06
43.683774853350116,1.1215388185872943e-06
43.98672831534548,1.090987664182591e-06
44.29178280456295,1.0623722732418494e-06
44.5989528919383,1.0347317326133954e-06
44.90825324945859,1.0070479691130498e-06
45.219698650863606,9.793494693819177e-07
45.53330397235087,9.522297026030543e-07
45.849084193286906,9.258775532327067e-07
46.167054396922,9.002982544949956e-07
46.48722977111137,8.75325203842266e-07
46.80962560903992,8.506650273387997e-07
47.134257309953426,8.267320665269351e-07
47.46114037989332,8.042865101473535e-07
47.79029043243815,7.833049373520493e-07
48.12172318944854,7.629358177160905e-07
48.45545448181883,7.424040893776607e-07
48.79150025023301,7.218810646381458e-07
49.129876545925725,7.018992593400042e-07
49.47059953144976,6.824976304813917e-07
49.813685481447166,6.636797960922981e-07
50.15915078342748,6.453207922069144e-07
50.507011938549624,6.270881458122207e-07
50.857285562410944,6.094034956391481e-07
51.20998838583997,5.929342628598405e-07
51.56513725569646,5.775477630490731e-07
51.922749135675204,5.625057503911248e-07
52.282841107117164,5.472579180110597e-07
52.64543036982451,5.320711199437877e-07
53.010534242883026,5.17379488252332e-07
53.378170165488484,5.030909984918588e-07
53.74835569778051,4.892358646747692e-07
54.12110852168046,4.7574097597875423e-07
54.49644644173689,4.622530436603981e-07
54.8743873859751,4.4919387907035615e-07
55.25494940675433,4.371171002410538e-07
55.638150681629185,4.2582881117131593e-07
56.02400951421875,4.1470713692428375e-07
56.41254433507998,4.033807897970823e-07
56.80377370258893,3.921581859969368e-07
57.197716303826276,3.813487431496199e-07
57.59439095547086,3.7081053379620626e-07
57.993816604697486,3.606260694057741e-07
58.39601233008292,3.5072358264178017e-07
58.80099734251622,3.4073382694479137e-07
59.208790986117265,3.310874314660741e-07
59.61941273915982,3.222388986293148e-07
60.03288221500283,3.1396339154913406e-07
60.449219163026335,3.057169976017261e-07
60.86844346957572,2.9728982327974955e-07
61.290575158910656,2.890169626746342e-07
61.71563439416251,2.810745565722441e-07
62.14364147829645,2.732948552673262e-07
62.57461685508225,2.658098128039323e-07
63.008581110069734,2.5855058179767473e-07
63.44555497157308,2.5114388022321674e-07
63.885559311659904,2.4401965257539387e-07
64.32861514714921,2.3753855886148588e-07
64.77474364061423,2.3148138672600716e-07
65.22396610139434,2.2534765896558542e-07
65.67630398661179,2.1906456152245813e-07
66.13177890219771,2.129849607186236e-07
66.59041260392301,2.0715903330858778e-07
67.05222699843867,2.0141873913646232e-07
67.51724414432098,1.9590778947410632e-07
67.98548625312613,1.9058374082061472e-07
68.45697569045078,1.8509328487273778e-07
68.93173497699989,1.7983688887499971e-07
69.4097867896634,1.7508717886853138e-07
69.89115396259832,1.706521011318109e-07
70.37585948832044,1.6609339913220643e-07
70.86392651880155,1.6140771585986866e-07
71.35537836657632,1.5694229142094501e-07
71.85023850585476,1.5266323406507915e-07
72.3485305736446,1.4842913114141401e-07
72.8502783708791,1.4437952239318442e-07
73.35550586355517,1.4047004190433015e-07
73.86423718387682,1.3639890969380357e-07
74.37649663140911,1.3252670623797803e-07
74.89230867423757,1.2904283393250723e-07
75.41169795013816,1.2579230639358706e-07
75.93468926775283,1.224023500031088e-07
76.4613076077758,1.1891128423984708e-07
76.99157812414543,1.1563772045169816e-07
77.52552614524708,1.124893442588782e-07
78.06317717512154,1.0936529375190382e-07
78.60455689468456,1.06396803845677e-07
79.1496911629522,1.0351947686093688e-07
79.69860601827727,1.0050169655677948e-07
80.25132767959182,9.765522398166002e-08
80.8078825476607,9.509703847856283e-08
81.36829720634132,9.270796909636685e-08
81.93259842385477,9.018495113315581e-08
82.50081315406304,8.759544556436051e-08
83.07296853775784,8.519894201800964e-08
83.64909190395564,8.287484167117418e-08
84.22921077120431,8.056597519387848e-08
84.81335284889633,7.840275646871804e-08
85.40154603859355,7.627081791715225e-08
85.99381843535865,7.403965770229157e-08
86.59019832909841,7.195433797585892e-08
87.19071420591362,7.007503917635669e-08
87.79539474946111,6.830833834160616e-08
88.40426884232241,6.643347250275134e-08
89.01736556738477,6.45170090515202e-08
89.63471420922885,6.276524383176559e-08
90.25634425552894,6.104614086314584e-08
90.88228539846001,5.934078257295967e-08
91.51256753611742,5.7768123178728254e-08
92.14722077394347,5.61797702573322e-08
92.78627542616697,5.45359103705592e-08
93.42976201724963,5.3010594832480366e-08
94.07771128334556,5.162862997648015e-08
94.73015417376797,5.031735739136341e-08
95.38712185246867,4.892667763004683e-08
96.0486456995261,4.751032931690578e-08
96.71475731264366,4.6231965695711106e-08
97.38548850866023,4.4956972838291185e-08
98.06087132506849,4.37001076248293e-08
98.7409380215466,4.255802480309567e-08
99.42572108149761,4.1366925631549805e-08
100.11525321360261,4.016263050222322e-08
100.80956735338141,3.9050501586275204e-08
101.50869666476736,3.802712723877484e-08
102.21267454168981,3.705570433895538e-08
102.92153460967076,3.602535416235319e-08
103.63531072742937,3.49760814152497e-08
104.35403698850094,3.40468774541191e-08
105.07774772286355,3.3104534314643366e-08
105.80647749857971,3.2172600777279504e-08
106.54026112344567,3.1345369602693326e-08
107.2791336466558,3.045205087415812e-08
108.02313036047495,2.9569590700022046e-08
108.77228680192594,2.8760186878938098e-08
109.52663875448526,2.8001829156266696e-08
110.28622224979398,2.7280789448522752e-08
111.05107356937707,2.651794448971946e-08
111.82122924637815,2.5742710214164917e-08
112.59672606730271,2.5067490152263357e-08
113.37760107377704,2.437071515745973e-08
114.16389156431568,2.367877936644169e-08
114.95563509610481,2.308074206046118e-08
115.75286948679437,2.241041131886507e-08
116.55563281630623,2.1763848679054895e-08
117.36396342865123,2.1175628801807136e-08
118.17789993376259,2.061324551703304e-08
118.99748120933815,2.0077443197158288e-08
119.82274640269935,1.9512278003671404e-08
120.65373493265913,1.894260286646487e-08
121.49048649140674,1.8451306171788346e-08
122.33304104640163,1.7934695808518902e-08
123.18143884228456,1.7422956643362074e-08
124.0357204027978,1.6987939193303867e-08
124.89592653272284,1.6486754117152543e-08
125.76209831982732,1.6015734351739154e-08
126.63427713682968,1.5583597353934292e-08
127.51250464337333,1.5168910345377078e-08
128.39682278801845,1.4771142204963268e-08
129.2872738102437,1.4351428985421519e-08
130.18390024246588,1.3935777920161523e-08
131.0867449120693,1.357586368530545e-08
131.9958509434536,1.3192437365779333e-08
132.9112617600915,1.2816181039016935e-08
133.83302108660473,1.2498457940134482e-08
134.76117295085177,1.212462574281081e-08
135.69576168603004,1.178145273119264e-08
136.6368319327953,1.1462691414826626e-08
137.58442864139184,1.1158577831725432e-08
138.53859707380164,1.086293464330487e-08
139.49938280590413,1.055078414688984e-08
140.46683172965538,1.0249050814193517e-08
141.4409900552778,9.984278912125159e-09
142.42190431346975,9.699647491421238e-09
143.40962135762572,9.424319474043332e-09
144.40418836607657,9.1910523855391e-09
145.40565284434075,8.913423179097886e-09
146.41406262739574,8.663014163771737e-09
147.4294658819604,8.4264768889401e-09
148.45191110879827,8.206139883437456e-09
149.48144714503155,7.98497642067968e-09
150.5181231664764,7.75239458758871e-09
151.5619886899894,7.535076806783724e-09
152.61309357583497,7.3387882221865845e-09
153.67148803006472,7.129541819096615e-09
154.73722260691798,6.926951133782184e-09
155.81034821123382,6.755165464715553e-09
156.89091610088533,6.550140103602772e-09
157.97897788922523,6.366735997986867e-09
159.07458554755377,6.1919326787129836e-09
160.1777914075986,6.031207817309734e-09
161.28864816401696,5.867033696860776e-09
162.40720887691012,5.693725479169763e-09
163.5335269743602,5.53716540630646e-09
164.66765625497985,5.391658448145869e-09
165.80965089048425,5.237671845189703e-09
166.95956542827625,5.089566960077642e-09
168.11745479405434,4.962035996262509e-09
169.2833742944335,4.811300193913636e-09
170.45737961958963,4.676719680715395e-09
171.639526845917,4.547827464539626e-09
172.82987243870932,4.430187180415156e-09
174.02847325485405,4.30890105938234e-09
175.2353865455511,4.179854071309235e-09
176.45066995904446,4.06699671753969e-09
177.6743815433787,3.959222126271265e-09
178.9065797491688,3.8456454336800645e-09
180.14732343239478,3.738579903996437e-09
181.39667185721024,3.642519143526712e-09
182.65468469877592,3.5324584965706212e-09
183.9214220461072,3.433603110774401e-09
185.19694440494715,3.338857598470124e-09
186.4813127006537,3.252437979026219e-09
187.77458828111222,3.162508546750025e-09
189.07683291966487,3.0675623977460967e-09
190.38810881805995,2.9856721954710724e-09
191.70847860942558,2.9062460147896303e-09
193.03800536125843,2.821817599292017e-09
194.37675257843918,2.745461831067808e-09
195.72478420626268,2.6722202584857305e-09
197.0821646334955,2.592555715632503e-09
198.44895869544825,2.51958941646519e-09
199.8252316770757,2.450344758955345e-09
201.2110493160917,2.3864456520317177e-09
202.60647780611276,2.3201124292447415e-09
204.01158379981612,2.2502636334638745e-09
205.42643441212698,2.1910129251591235e-09
206.85109722342077,2.132389554348751e-09
208.2856402827546,2.0696289759523373e-09
209.73013211111416,2.01544005916344e-09
211.18464170469005,1.9593969719746993e-09
212.64923853816998,1.9020595186588568e-09
214.1239925680607,1.848004491114637e-09
215.6089742360259,1.7976866333583286e-09
217.10425447225447,1.7500799879644427e-09
218.6099046988449,1.7014949972870164e-09
220.12599683322034,1.6500565835496831e-09
221.65260329156013,1.607430379056538e-09
223.18979699226233,1.5638409043372598e-09
224.73765135942315,1.5176140972965096e-09
226.29624032634763,1.4788124903439582e-09
227.86563833907738,1.436232574214527e-09
229.44592035995024,1.3948194145785485e-09
231.0371618711771,1.3552149693225134e-09
232.63943887845107,1.3181508041976094e-09
234.25282791457417,1.2831387423300343e-09
235.8774060431166,1.2473125860008242e-09
237.51325086209397,1.2096122498617947e-09
239.1604405076776,1.178894584555898e-09
240.81905365792275,1.146625863243782e-09
242.4891695365307,1.1124758223159726e-09
244.17086791662885,1.0846571085859763e-09
245.86422912458505,1.052547269568956e-09
247.56933404384046,1.0224804135271508e-09
249.28626411877687,9.935936748786894e-10
251.01510135860298,9.662298126095345e-10
252.75592834127556,9.405773618524897e-10
254.50882821743969,9.140734758525394e-10
256.2738847144046,8.865710616958811e-10
258.0511821401387,8.644066626760071e-10
259.84080538730075,8.40558252117382e-10
261.64283993729083,8.153008839759248e-10
263.45737186433644,7.953021245381754e-10
265.28448783960295,7.7128982903305e-10
267.1242751353313,7.492874538716216e-10
268.9768216290106,7.283658011207293e-10
270.8422158075713,7.081078954264699e-10
272.72054677161583,6.893704907059506e-10
274.6119042396706,6.696564049332433e-10
276.51637855247526,6.497812685674708e-10
278.4340606772938,6.337528134866375e-10
280.365042212264,6.159766608915643e-10
282.30941539076787,5.975558888174714e-10
284.2672730858421,5.829164829727792e-10
286.23870881460914,5.651322592407871e-10
288.22381674274914,5.490741869054848e-10
290.22269168899277,5.337717466236067e-10
292.2354291296549,5.189428694400328e-10
294.26212520319064,5.051687466659583e-10
296.3028767147918,4.905153721698699e-10
298.3577811410063,4.762562527654726e-10
300.4269366343986,4.645656131113948e-10
302.5104420282335,4.513488540216081e-10
304.6083968412016,4.3794599650701205e-10
306.72090128216786,4.2715865626710014e-10
308.8480562549631,4.140618048292649e-10
310.9899633631987,4.0234087214960685e-10
313.14672491512454,3.9109968105580413e-10
315.3184439285111,3.8032016957369476e-10
317.50522413557485,3.701435859782061e-10
319.70716998792784,3.592665721332505e-10
321.92438666157244,3.4910640619486473e-10
324.1569800619193,3.4048865050521474e-10
326.4050568288517,3.307020464719359e-10
328.66872434181346,3.2097543476083494e-10
330.9480907249436,3.1295247364932056e-10
333.2432648522353,3.034015215266013e-10
335.554356352742,2.948093464290185e-10
337.88147561580774,2.865057505186412e-10
340.22473379634613,2.787953601465127e-10
342.5842428201438,2.711732567065661e-10
344.9601153892119,2.631183467616251e-10
347.3524649871642,2.5594616203710905e-10
349.76140588464284,2.4951097969881126e-10
352.1870531447711,2.422984339689241e-10
354.6295226286548,2.3525487174967194e-10
357.0889310009109,2.2927572795266952e-10
359.5653957352459,2.2231084859029977e-10
362.0590351200606,2.1602089504231463e-10
364.56996826410597,2.098953986459778e-10
367.0983151021696,2.0436004028619408e-10
369.64419640080246,1.9867070928782635e-10
372.2077337640926,1.9272279696952621e-10
374.7890496394673,1.8765296079541305e-10
377.38826732354806,1.828327958271764e-10
380.00551096803355,1.7752853066402965e-10
382.6409055856362,1.7243838161583156e-10
385.29457705604676,1.6797555411751724e-10
387.96665213195377,1.6289673171798474e-10
390.65725844509103,1.582992909271308e-10
393.36652451234073,1.5378201895334954e-10
396.09457974186546,1.4979166116947553e-10
398.8415544392958,1.4556577247111212e-10
401.607579813948,1.4119286696127982e-10
404.39278798509775,1.375801280299326e-10
407.197311988284,1.3396662375461953e-10
410.02128578167054,1.3007908512460358e-10
412.86484425243725,1.2643110676641e-10
415.7281232232302,1.230517585003507e-10
418.6112594586423,1.1935879920107037e-10
421.5143906717524,1.1602661855204943e-10
424.43765553069676,1.126899210792372e-10
427.3811936652991,1.0979764181603605e-10
430.3451456737333,1.0665334925818462e-10
433.3296531292459,1.0347028301070985e-10
436.33485858691137,1.008737570073257e-10
439.3609055904483,9.817133007360177e-11
442.40793867906876,9.532259289914634e-11
445.4761033943893,9.27034514447402e-11
448.56554628737564,9.01545865409273e-11
451.67641492534955,8.747434267712652e-11
454.8088578990308,8.505310596503249e-11
457.9630248296412,8.259273814015556e-11
461.1390663760445,8.049130790930954e-11
464.3371342419496,7.815099346218406e-11
467.55738118314946,7.584723662130363e-11
470.7999610148248,7.396855351601052e-11
474.06502861888384,7.195116680937447e-11
477.3527399513674,6.986713918354773e-11
480.663252049891,6.79790309664225e-11
483.9967230411531,6.606674516344737e-11
487.3533121484802,6.412770454082995e-11
490.73317969944037,6.235335882274144e-11
494.1364871334932,6.055462966210706e-11
497.56339700970864,5.901230658298264e-11
501.01407301452423,5.7277401619008734e-11
504.48867996957097,5.56210129492494e-11
507.98738383953855,5.424451569569395e-11
511.51035174010923,5.2752657102381826e-11
515.0577519459375,5.121970514967965e-11
518.6297538986845,4.986031952976673e-11
522.2265282151184,4.8427376067891765e-11
525.8482466952559,4.702653989101766e-11
529.4950823305765,4.572536695917476e-11
533.1672093122771,4.441006425360733e-11
536.8648030396006,4.327871233016695e-11
540.5880401282055,4.199286173190285e-11
544.3370984186103,4.080183644043697e-11
548.1121569846795,3.979110201066659e-11
551.9133961421861,3.8688403432327336e-11
555.7409974574149,3.75647404330093e-11
559.5951437558448,3.6580814844941605e-11
563.4760191308715,3.5512780514650714e-11
567.3838089526105,3.449949690133836e-11
571.3186998767421,3.354312494271257e-11
575.2808798534361,3.258375169444277e-11
579.2705381363196,3.1752362538814737e-11
583.2878652915266,3.0801083076826847e-11
587.333053206791,2.994252084497116e-11
591.406295100621,2.920103810073288e-11
595.5077855315194,2.8384482126760507e-11
599.6377204072855,2.7565858146649838e-11
603.7962969943637,2.6846564448370085e-11
607.9837139272755,2.6059020998588073e-11
612.200171218097,2.532009360097326e-11
616.4458702660229,2.4617347110985538e-11
620.7210138669761,2.3922569856209876e-11
625.0258062233046,2.33043979772713e-11
629.3604529535245,2.2604187837698406e-11
633.7251611021522,2.1987710656078312e-11
638.1201391495837,2.1438351068883156e-11
642.545597022062,2.0836598312048616e-11
647.0017461016951,2.0243155829154293e-11
651.4887992365622,1.9711226348028122e-11
656.0069707508704,1.9134070756855833e-11
660.5564764552023,1.859657183561371e-11
665.1375336568135,1.807574177983591e-11
669.7503611700232,1.757567125995691e-11
674.3951793266547,1.7114000643503967e-11
679.0722099865709,1.6600471545997595e-11
683.7816765482602,1.615743628036004e-11
688.523803959518,1.5748312234864366e-11
693.2988187281809,1.5306889064873152e-11
698.1069489329562,1.4877306115587734e-11
702.9484242343055,1.4481360495556856e-11
707.8234758854253,1.4060058644514214e-11
712.7323367432816,1.3669800777434877e-11
717.6752412797424,1.328089601588354e-11
722.652425592773,1.2922938709486102e-11
727.6641274177088,1.2576896096545178e-11
732.7105861386203,1.2202019599146458e-11
737.7920427997371,1.1882932028975377e-11
742.9087401169717,1.1576040938904976e-11
748.0609224895013,1.1254383034887603e-11
753.2488360114542,1.0943578714009473e-11
758.4727284836515,1.0647641911180219e-11
763.7328494254563,1.0341194606827146e-11
769.0294500866789,1.0056610136572535e-11
774.362783459591,9.765487139237698e-12
779.7331042909967,9.51111342205262e-12
785.1406690944133,9.250667745736094e-12
790.585736162311,8.977398612602299e-12
796.0685655784634,8.746938505172577e-12
801.5894192303568,8.516711179196802e-12
807.1485608217127,8.283114894094226e-12
812.7462558850708,8.057547288474347e-12
818.3827717944845,7.836457595790367e-12
824.0583777782795,7.613610500467583e-12
829.7733449319265,7.405288943977141e-12
835.5279462309772,7.187581696676635e-12
841.3224565441157,7.006968733126076e-12
847.157152646274,6.810883298374821e-12
853.0323132318671,6.611930381636693e-12
858.9482189280894,6.444728560033624e-12
864.9051523083342,6.272274765899419e-12
870.9033979056755,6.103091603888315e-12
876.9432422264741,5.938574783989933e-12
883.0249737640474,5.773637405130711e-12
889.1488830124641,5.611660765026443e-12
895.3152624804052,5.458069518435322e-12
901.5244067051499,5.29616494830325e-12
907.77661226663,5.167097332038239e-12
914.0721778016105,5.0201897383897306e-12
920.4114040179392,4.8756318755124196e-12
926.7945937089249,4.753010226570826e-12
933.2220517677856,4.624109482193194e-12
939.6940852022265,4.502308381857046e-12
946.2110031490889,4.381366951286452e-12
952.7731168891321,4.2585049001143824e-12
959.3807398618857,4.140178099170159e-12
966.0341876806367,4.027261628819074e-12
972.7337781474893,3.907420197020031e-12
979.4798312685605,3.814029457565801e-12
986.2726692692489,3.7040684093584325e-12
993.1126166096426,3.599520676419066e-12
1000.0,3.50901659689021e-12
